<?xml version='1.0' standalone='yes'?>
<componentData>
  <component>
    <componentBaseName>license_manager_licenses</componentBaseName>
    <componentFileName>license_manager_licenses_common_1668903103.enc</componentFileName>
    <componentName>license_manager_licenses_common</componentName>
    <componentVersion>1668903103</componentVersion>
    <contentType>common</contentType>
    <demo>0</demo>
    <doc>0</doc>
    <doc_build>0</doc_build>
    <doc_search>0</doc_search>
    <gpu>0</gpu>
    <instrset>0</instrset>
    <locale></locale>
    <locationId>1</locationId>
    <numFiles>1</numFiles>
    <platformList>
      <platform>glnxa64</platform>
      <platform>maca64</platform>
      <platform>maci64</platform>
      <platform>win64</platform>
    </platformList>
    <releaseFamily>R2023a</releaseFamily>
    <size>9988</size>
    <type></type>
    <uncompressedBytes>509</uncompressedBytes>
  </component>
</componentData>
