<?xml version='1.0' standalone='yes'?>
<componentData>
  <component>
    <componentBaseName>matlab_license</componentBaseName>
    <componentFileName>matlab_license_common_1675180426.enc</componentFileName>
    <componentName>matlab_license_common</componentName>
    <componentVersion>1675180426</componentVersion>
    <contentType>common</contentType>
    <demo>0</demo>
    <doc>0</doc>
    <doc_build>0</doc_build>
    <doc_search>0</doc_search>
    <gpu>0</gpu>
    <instrset>0</instrset>
    <locale></locale>
    <locationId>1</locationId>
    <numFiles>2</numFiles>
    <platformList>
      <platform>glnxa64</platform>
      <platform>maca64</platform>
      <platform>maci64</platform>
      <platform>win64</platform>
    </platformList>
    <releaseFamily>R2023a</releaseFamily>
    <size>4267840</size>
    <type></type>
    <uncompressedBytes>4566780</uncompressedBytes>
  </component>
</componentData>
