<?xml version='1.0' standalone='yes'?>
<contents>
  <componentFiles>license_manager_licenses_common_1668903103.enc</componentFiles>
  <componentFiles>matlab_license_common_1675180426.enc</componentFiles>
  <componentFiles>version_info_common_1704311636.enc</componentFiles>
  <componentFiles>3p/flexnet_license_server_common_1668889313.enc</componentFiles>
  <definitions>license_manager_licenses_common_1668903103.xml</definitions>
  <definitions>license_manager_licenses_common_1668903103.json</definitions>
  <definitions>matlab_license_common_1675180426.xml</definitions>
  <definitions>matlab_license_common_1675180426.json</definitions>
  <definitions>version_info_common_1704311636.xml</definitions>
  <definitions>version_info_common_1704311636.json</definitions>
  <definitions>3p/flexnet_license_server_common_1668889313.xml</definitions>
  <definitions>3p/flexnet_license_server_common_1668889313.json</definitions>
  <definitions>productdata_Network_License_Manager111621_common.xml</definitions>
</contents>
