<?xml version='1.0' standalone='yes'?>
<componentData>
  <component>
    <componentBaseName>version_info</componentBaseName>
    <componentFileName>version_info_common_1704311636.enc</componentFileName>
    <componentName>version_info_common</componentName>
    <componentVersion>1704311636</componentVersion>
    <contentType>common</contentType>
    <demo>0</demo>
    <doc>0</doc>
    <doc_build>0</doc_build>
    <doc_search>0</doc_search>
    <gpu>0</gpu>
    <instrset>0</instrset>
    <locale></locale>
    <locationId>1</locationId>
    <numFiles>1</numFiles>
    <platformList>
      <platform>glnxa64</platform>
      <platform>maca64</platform>
      <platform>maci64</platform>
      <platform>win64</platform>
    </platformList>
    <releaseFamily>R2023a</releaseFamily>
    <size>9882</size>
    <type></type>
    <uncompressedBytes>311</uncompressedBytes>
  </component>
</componentData>
