<?xml version='1.0' standalone='yes'?>
<componentData>
  <component>
    <componentBaseName>bin_utils</componentBaseName>
    <componentFileName>bin_utils_glnxa64_1669942393.enc</componentFileName>
    <componentName>bin_utils_glnxa64</componentName>
    <componentVersion>1669942393</componentVersion>
    <contentType>glnxa64</contentType>
    <demo>0</demo>
    <doc>0</doc>
    <doc_build>0</doc_build>
    <doc_search>0</doc_search>
    <gpu>0</gpu>
    <instrset>0</instrset>
    <locale></locale>
    <locationId>1</locationId>
    <numFiles>1</numFiles>
    <platformList>
      <platform>glnxa64</platform>
    </platformList>
    <releaseFamily>R2023a</releaseFamily>
    <size>11442</size>
    <type></type>
    <uncompressedBytes>5466</uncompressedBytes>
  </component>
</componentData>
