<?xml version='1.0' standalone='yes'?>
<componentData>
  <component>
    <componentBaseName>gcc_runtime</componentBaseName>
    <componentFileName>gcc_runtime_glnxa64_1668903108.enc</componentFileName>
    <componentName>gcc_runtime_glnxa64</componentName>
    <componentVersion>1668903108</componentVersion>
    <contentType>glnxa64</contentType>
    <demo>0</demo>
    <doc>0</doc>
    <doc_build>0</doc_build>
    <doc_search>0</doc_search>
    <gpu>0</gpu>
    <instrset>0</instrset>
    <locale></locale>
    <locationId>1</locationId>
    <numFiles>4</numFiles>
    <platformList>
      <platform>glnxa64</platform>
    </platformList>
    <releaseFamily>R2023a</releaseFamily>
    <size>679774</size>
    <type></type>
    <uncompressedBytes>2008602</uncompressedBytes>
  </component>
</componentData>
