<?xml version='1.0' standalone='yes'?>
<componentData>
  <component>
    <componentBaseName>license_manager</componentBaseName>
    <componentFileName>license_manager_glnxa64_1669942400.enc</componentFileName>
    <componentName>license_manager_glnxa64</componentName>
    <componentVersion>1669942400</componentVersion>
    <contentType>glnxa64</contentType>
    <demo>0</demo>
    <doc>0</doc>
    <doc_build>0</doc_build>
    <doc_search>0</doc_search>
    <gpu>0</gpu>
    <instrset>0</instrset>
    <locale></locale>
    <locationId>1</locationId>
    <numFiles>27</numFiles>
    <platformList>
      <platform>glnxa64</platform>
    </platformList>
    <releaseFamily>R2023a</releaseFamily>
    <size>5578560</size>
    <type></type>
    <uncompressedBytes>13777310</uncompressedBytes>
  </component>
</componentData>
