<?xml version='1.0' standalone='yes'?>
<contents>
  <componentFiles>license_manager_glnxa64_1669942400.enc</componentFiles>
  <componentFiles>bin_utils_glnxa64_1669942393.enc</componentFiles>
  <componentFiles>3p/flexnet_license_server_glnxa64_1668903112.enc</componentFiles>
  <componentFiles>gcc_runtime_glnxa64_1668903108.enc</componentFiles>
  <componentFiles>3p/glibc-2.17_shim_glnxa64_1668903063.enc</componentFiles>
  <definitions>license_manager_glnxa64_1669942400.xml</definitions>
  <definitions>license_manager_glnxa64_1669942400.json</definitions>
  <definitions>bin_utils_glnxa64_1669942393.xml</definitions>
  <definitions>bin_utils_glnxa64_1669942393.json</definitions>
  <definitions>3p/flexnet_license_server_glnxa64_1668903112.xml</definitions>
  <definitions>3p/flexnet_license_server_glnxa64_1668903112.json</definitions>
  <definitions>gcc_runtime_glnxa64_1668903108.xml</definitions>
  <definitions>gcc_runtime_glnxa64_1668903108.json</definitions>
  <definitions>3p/glibc-2.17_shim_glnxa64_1668903063.xml</definitions>
  <definitions>3p/glibc-2.17_shim_glnxa64_1668903063.json</definitions>
  <definitions>productdata_Network_License_Manager111621_glnxa64.xml</definitions>
</contents>
