<?xml version='1.0' standalone='yes'?>
<productAdditionalComps>
  <dependsOn>
    <component>
      <name>license_manager_glnxa64</name>
      <instrset>0</instrset>
      <locale></locale>
      <platformList>
        <platform>glnxa64</platform>
      </platformList>
      <version>1669942400</version>
    </component>
    <component>
      <name>bin_utils_glnxa64</name>
      <instrset>0</instrset>
      <locale></locale>
      <platformList>
        <platform>glnxa64</platform>
      </platformList>
      <version>1669942393</version>
    </component>
    <component>
      <name>3p/flexnet_license_server_glnxa64</name>
      <instrset>0</instrset>
      <locale></locale>
      <platformList>
        <platform>glnxa64</platform>
      </platformList>
      <version>1668903112</version>
    </component>
    <component>
      <name>gcc_runtime_glnxa64</name>
      <instrset>0</instrset>
      <locale></locale>
      <platformList>
        <platform>glnxa64</platform>
      </platformList>
      <version>1668903108</version>
    </component>
    <component>
      <name>3p/glibc-2.17_shim_glnxa64</name>
      <instrset>0</instrset>
      <locale></locale>
      <platformList>
        <platform>glnxa64</platform>
      </platformList>
      <version>1668903063</version>
    </component>
  </dependsOn>
  <isControllingProduct>false</isControllingProduct>
  <licenseAgreementType></licenseAgreementType>
  <platform>glnxa64</platform>
  <productBaseCode>LICENSEMANAGER</productBaseCode>
  <productName>Network License Manager</productName>
  <productNumber>0</productNumber>
  <productType>licensedProduct</productType>
  <productVersion>11.16.2.1</productVersion>
  <releaseDescription>R2023a</releaseDescription>
  <releaseFamily>R2023a</releaseFamily>
</productAdditionalComps>
