<?xml version='1.0' standalone='yes'?>
<componentData>
  <component>
    <componentBaseName>3p/flexnet_license_server</componentBaseName>
    <componentFileName>3p/flexnet_license_server_common_1668889313.enc</componentFileName>
    <componentName>3p/flexnet_license_server_common</componentName>
    <componentVersion>1668889313</componentVersion>
    <contentType>common</contentType>
    <demo>0</demo>
    <doc>0</doc>
    <doc_build>0</doc_build>
    <doc_search>0</doc_search>
    <gpu>0</gpu>
    <instrset>0</instrset>
    <locale></locale>
    <locationId>1</locationId>
    <numFiles>1</numFiles>
    <platformList>
      <platform>glnxa64</platform>
      <platform>maca64</platform>
      <platform>maci64</platform>
      <platform>win64</platform>
    </platformList>
    <releaseFamily>R2023a</releaseFamily>
    <size>2471368</size>
    <type></type>
    <uncompressedBytes>3404062</uncompressedBytes>
  </component>
</componentData>
