<?xml version='1.0' standalone='yes'?>
<componentData>
  <component>
    <componentBaseName>3p/flexnet_license_server</componentBaseName>
    <componentFileName>3p/flexnet_license_server_glnxa64_1668903112.enc</componentFileName>
    <componentName>3p/flexnet_license_server_glnxa64</componentName>
    <componentVersion>1668903112</componentVersion>
    <contentType>glnxa64</contentType>
    <demo>0</demo>
    <doc>0</doc>
    <doc_build>0</doc_build>
    <doc_search>0</doc_search>
    <gpu>0</gpu>
    <instrset>0</instrset>
    <locale></locale>
    <locationId>1</locationId>
    <numFiles>3</numFiles>
    <platformList>
      <platform>glnxa64</platform>
    </platformList>
    <releaseFamily>R2023a</releaseFamily>
    <size>1738699</size>
    <type></type>
    <uncompressedBytes>4142448</uncompressedBytes>
  </component>
</componentData>
