<?xml version='1.0' standalone='yes'?>
<componentData>
  <component>
    <componentBaseName>3p/glibc-2.17_shim</componentBaseName>
    <componentFileName>3p/glibc-2.17_shim_glnxa64_1668903063.enc</componentFileName>
    <componentName>3p/glibc-2.17_shim_glnxa64</componentName>
    <componentVersion>1668903063</componentVersion>
    <contentType>glnxa64</contentType>
    <demo>0</demo>
    <doc>0</doc>
    <doc_build>0</doc_build>
    <doc_search>0</doc_search>
    <gpu>0</gpu>
    <instrset>0</instrset>
    <locale></locale>
    <locationId>1</locationId>
    <numFiles>3</numFiles>
    <platformList>
      <platform>glnxa64</platform>
    </platformList>
    <releaseFamily>R2023a</releaseFamily>
    <size>636888</size>
    <type></type>
    <uncompressedBytes>1917427</uncompressedBytes>
  </component>
</componentData>
